Datetime,Water Level (m)
2025-09-26 18:00:00,0.8312464
2025-09-26 19:00:00,1.1960061
2025-09-26 20:00:00,1.3882911
2025-09-26 21:00:00,1.3390715
2025-09-26 22:00:00,1.1012024
2025-09-26 23:00:00,0.7973265
2025-09-27 00:00:00,0.5210664
2025-09-27 01:00:00,0.28678322
2025-09-27 02:00:00,0.09948663
2025-09-27 03:00:00,-0.03647209
2025-09-27 04:00:00,-0.060338378
2025-09-27 05:00:00,0.2169188
2025-09-27 06:00:00,0.61746585
2025-09-27 07:00:00,0.92331916
2025-09-27 08:00:00,1.078455
2025-09-27 09:00:00,1.026784
2025-09-27 10:00:00,0.79359776
2025-09-27 11:00:00,0.50678223
2025-09-27 12:00:00,0.25059023
2025-09-27 13:00:00,0.040152386
2025-09-27 14:00:00,-0.1261866
2025-09-27 15:00:00,-0.24559295
2025-09-27 16:00:00,-0.25468
2025-09-27 17:00:00,-0.0035002064
2025-09-27 18:00:00,0.3969374
2025-09-27 19:00:00,0.7600919
2025-09-27 20:00:00,1.0233732
2025-09-27 21:00:00,1.1297653
2025-09-27 22:00:00,1.0237088
2025-09-27 23:00:00,0.77732724
2025-09-28 00:00:00,0.5018383
2025-09-28 01:00:00,0.26995125
2025-09-28 02:00:00,0.090505466
2025-09-28 03:00:00,-0.03586753
2025-09-28 04:00:00,-0.0828566
2025-09-28 05:00:00,0.03712443
2025-09-28 06:00:00,0.33065125
2025-09-28 07:00:00,0.60308623
2025-09-28 08:00:00,0.7844689
2025-09-28 09:00:00,0.8465179
2025-09-28 10:00:00,0.7538292
2025-09-28 11:00:00,0.54818803
2025-09-28 12:00:00,0.31722897
2025-09-28 13:00:00,0.11050814
2025-09-28 14:00:00,-0.0590317
2025-09-28 15:00:00,-0.18937351
2025-09-28 16:00:00,-0.25084433
2025-09-28 17:00:00,-0.13135467
2025-09-28 18:00:00,0.19466268
2025-09-28 19:00:00,0.5260702
2025-09-28 20:00:00,0.78069156
2025-09-28 21:00:00,0.9154532
2025-09-28 22:00:00,0.91696995
2025-09-28 23:00:00,0.77829075
2025-09-29 00:00:00,0.56990874
2025-09-29 01:00:00,0.36043996
2025-09-29 02:00:00,0.1958954
2025-09-29 03:00:00,0.08363544
2025-09-29 04:00:00,0.019802094
2025-09-29 05:00:00,0.029289125
2025-09-29 06:00:00,0.169347
2025-09-29 07:00:00,0.38831916
2025-09-29 08:00:00,0.5579384
2025-09-29 09:00:00,0.63951236
2025-09-29 10:00:00,0.6279982
2025-09-29 11:00:00,0.52181774
2025-09-29 12:00:00,0.36016545
2025-09-29 13:00:00,0.19235271
2025-09-29 14:00:00,0.047978733
2025-09-29 15:00:00,-0.05659075
2025-09-29 16:00:00,-0.11110855
2025-09-29 17:00:00,-0.091950886
2025-09-29 18:00:00,0.06776507
2025-09-29 19:00:00,0.32816458
2025-09-29 20:00:00,0.5501976
2025-09-29 21:00:00,0.7055024
2025-09-29 22:00:00,0.7876054
2025-09-29 23:00:00,0.77940995
2025-09-30 00:00:00,0.68256515
2025-09-30 01:00:00,0.54196393
2025-09-30 02:00:00,0.39809093
2025-09-30 03:00:00,0.28338325
2025-09-30 04:00:00,0.2083681
2025-09-30 05:00:00,0.16712582
2025-09-30 06:00:00,0.17406923
2025-09-30 07:00:00,0.24625663
2025-09-30 08:00:00,0.3557539
2025-09-30 09:00:00,0.45028523
2025-09-30 10:00:00,0.5039877
2025-09-30 11:00:00,0.51229554
2025-09-30 12:00:00,0.46834582
2025-09-30 13:00:00,0.36950904
2025-09-30 14:00:00,0.25470814
2025-09-30 15:00:00,0.15292716
2025-09-30 16:00:00,0.076801725
2025-09-30 17:00:00,0.033124246
2025-09-30 18:00:00,0.037524726
2025-09-30 19:00:00,0.1434045
2025-09-30 20:00:00,0.33099234
2025-09-30 21:00:00,0.50203097
2025-09-30 22:00:00,0.64483815
2025-09-30 23:00:00,0.74826103
2025-10-01 00:00:00,0.7876299
2025-10-01 01:00:00,0.7617383
2025-10-01 02:00:00,0.6851482
2025-10-01 03:00:00,0.5836485
2025-10-01 04:00:00,0.47900593
2025-10-01 05:00:00,0.37319106
2025-10-01 06:00:00,0.26843274
2025-10-01 07:00:00,0.19344863
2025-10-01 08:00:00,0.16630557
2025-10-01 09:00:00,0.19995017
2025-10-01 10:00:00,0.29401186
2025-10-01 11:00:00,0.4427142
2025-10-01 12:00:00,0.5714232
2025-10-01 13:00:00,0.62051946
2025-10-01 14:00:00,0.59376544
2025-10-01 15:00:00,0.514379
2025-10-01 16:00:00,0.42139792
2025-10-01 17:00:00,0.33371782
2025-10-01 18:00:00,0.25233412
2025-10-01 19:00:00,0.20514263
2025-10-01 20:00:00,0.21915147
2025-10-01 21:00:00,0.32370198
2025-10-01 22:00:00,0.51750416
2025-10-01 23:00:00,0.7589448
2025-10-02 00:00:00,1.0092086
2025-10-02 01:00:00,1.1848851
2025-10-02 02:00:00,1.2202866
2025-10-02 03:00:00,1.1334996
2025-10-02 04:00:00,1.0075309
2025-10-02 05:00:00,0.8690953
2025-10-02 06:00:00,0.719923
2025-10-02 07:00:00,0.5582671
2025-10-02 08:00:00,0.42954668
2025-10-02 09:00:00,0.35425678
2025-10-02 10:00:00,0.3336945
2025-10-02 11:00:00,0.42730713
2025-10-02 12:00:00,0.66210717
2025-10-02 13:00:00,0.9604307
2025-10-02 14:00:00,1.1407256
2025-10-02 15:00:00,1.1987523
2025-10-02 16:00:00,1.1571188
2025-10-02 17:00:00,1.0667281
2025-10-02 18:00:00,0.94686663
